<?xml version="1.0" encoding="UTF-8"?>
<jcr:root xmlns:sling="http://sling.apache.org/jcr/sling/1.0" xmlns:granite="http://www.adobe.com/jcr/granite/1.0" xmlns:cq="http://www.day.com/jcr/cq/1.0" xmlns:jcr="http://www.jcp.org/jcr/1.0" xmlns:nt="http://www.jcp.org/jcr/nt/1.0"
    jcr:primaryType="cq:Template"
    allowedPaths="[/content/entities(/.*)?]"
    ranking="{Long}100">
    <jcr:content
        cq:lastModified="{Date}2022-10-20T19:05:41.689+02:00"
        cq:lastModifiedBy="admin"
        cq:scaffolding="/conf/pmi-spa-poc/settings/dam/cfm/models/navigation_level1/jcr:content/model"
        cq:templateType="/libs/settings/dam/cfm/model-types/fragment"
        jcr:description="Level 1 Reference for Navigation "
        jcr:primaryType="cq:PageContent"
        jcr:title="Navigation_Level1"
        sling:resourceSuperType="dam/cfm/models/console/components/data/entity"
        sling:resourceType="dam/cfm/models/console/components/data/entity/default"
        status="enabled">
        <metadata jcr:primaryType="nt:unstructured"/>
        <model
            cq:targetPath="/content/entities"
            jcr:primaryType="cq:PageContent"
            sling:resourceType="wcm/scaffolding/components/scaffolding"
            dataTypesConfig="/mnt/overlay/settings/dam/cfm/models/formbuilderconfig/datatypes"
            maxGeneratedOrder="20">
            <cq:dialog
                jcr:primaryType="nt:unstructured"
                sling:resourceType="cq/gui/components/authoring/dialog">
                <content
                    jcr:lastModified="{Date}2022-10-20T19:05:41.689+02:00"
                    jcr:lastModifiedBy="admin"
                    jcr:primaryType="nt:unstructured"
                    sling:resourceType="granite/ui/components/coral/foundation/fixedcolumns">
                    <items
                        jcr:primaryType="nt:unstructured"
                        maxGeneratedOrder="20">
                        <_x0031_666277488388
                            jcr:primaryType="nt:unstructured"
                            sling:resourceType="granite/ui/components/coral/foundation/form/textfield"
                            fieldLabel="Bold Text"
                            listOrder="1"
                            maxlength="255"
                            metaType="text-single"
                            name="boldText"
                            renderReadOnly="false"
                            showEmptyInReadOnly="true"
                            valueType="string">
                            <granite:data jcr:primaryType="nt:unstructured"/>
                        </_x0031_666277488388>
                        <_x0031_666277596978
                            jcr:primaryType="nt:unstructured"
                            sling:resourceType="granite/ui/components/coral/foundation/form/textfield"
                            fieldLabel="shortText"
                            listOrder="1"
                            maxlength="255"
                            metaType="text-single"
                            name="shorttext"
                            renderReadOnly="false"
                            showEmptyInReadOnly="true"
                            valueType="string">
                            <granite:data jcr:primaryType="nt:unstructured"/>
                        </_x0031_666277596978>
                        <_x0031_666277623628
                            jcr:primaryType="nt:unstructured"
                            sling:resourceType="dam/cfm/models/editor/components/fragmentreference/multifield"
                            allowNew="{Boolean}true"
                            fieldLabel="subnavigation"
                            filter="hierarchy"
                            fragmentmodelreference="/conf/pmi-spa-poc/settings/dam/cfm/models/navigation_level2"
                            listOrder="9"
                            metaType="fragment-reference"
                            name="fieldLabel"
                            nameSuffix="contentReference"
                            renderReadOnly="false"
                            rootPath="/content/dam/navigation_cf"
                            showEmptyInReadOnly="true"
                            valueType="string/content-fragment[]">
                            <field
                                jcr:primaryType="nt:unstructured"
                                sling:resourceType="dam/cfm/models/editor/components/fragmentreference"
                                fragmentmodelreference="/conf/pmi-spa-poc/settings/dam/cfm/models/navigation_level2"
                                name="fieldLabel"
                                renderReadOnly="false">
                                <granite:data jcr:primaryType="nt:unstructured"/>
                            </field>
                            <granite:data jcr:primaryType="nt:unstructured"/>
                        </_x0031_666277623628>
                    </items>
                </content>
            </cq:dialog>
        </model>
    </jcr:content>
</jcr:root>
