<?xml version="1.0" encoding="UTF-8"?>
<jcr:root xmlns:sling="http://sling.apache.org/jcr/sling/1.0" xmlns:granite="http://www.adobe.com/jcr/granite/1.0" xmlns:cq="http://www.day.com/jcr/cq/1.0" xmlns:jcr="http://www.jcp.org/jcr/1.0" xmlns:nt="http://www.jcp.org/jcr/nt/1.0"
    jcr:primaryType="cq:Template"
    allowedPaths="[/content/entities(/.*)?]"
    ranking="{Long}100">
    <jcr:content
        cq:lastModified="{Date}2022-10-20T14:11:26.761+02:00"
        cq:lastModifiedBy="admin"
        cq:scaffolding="/conf/pmi-spa-poc/settings/dam/cfm/models/navigation_level2/jcr:content/model"
        cq:templateType="/libs/settings/dam/cfm/model-types/fragment"
        jcr:description="Navigation Level 2 References"
        jcr:primaryType="cq:PageContent"
        jcr:title="Navigation_Level2"
        sling:resourceSuperType="dam/cfm/models/console/components/data/entity"
        sling:resourceType="dam/cfm/models/console/components/data/entity/default"
        status="enabled">
        <metadata jcr:primaryType="nt:unstructured"/>
        <model
            cq:targetPath="/content/entities"
            jcr:primaryType="cq:PageContent"
            sling:resourceType="wcm/scaffolding/components/scaffolding"
            dataTypesConfig="/mnt/overlay/settings/dam/cfm/models/formbuilderconfig/datatypes"
            maxGeneratedOrder="20">
            <cq:dialog
                jcr:primaryType="nt:unstructured"
                sling:resourceType="cq/gui/components/authoring/dialog">
                <content
                    jcr:lastModified="{Date}2022-10-20T14:11:26.761+02:00"
                    jcr:lastModifiedBy="admin"
                    jcr:primaryType="nt:unstructured"
                    sling:resourceType="granite/ui/components/coral/foundation/fixedcolumns">
                    <items
                        jcr:primaryType="nt:unstructured"
                        maxGeneratedOrder="22">
                        <_x0031_666267386100
                            jcr:primaryType="nt:unstructured"
                            sling:resourceType="dam/cfm/models/editor/components/contentreference"
                            fieldLabel="Teaser Image Path"
                            filter="hierarchy"
                            listOrder="8"
                            metaType="reference"
                            name="teaserImagePath"
                            nameSuffix="contentReference"
                            renderReadOnly="false"
                            required="on"
                            showEmptyInReadOnly="true"
                            showThumbnail="false"
                            validation="cfm.validation.contenttype.image"
                            valueType="string/reference">
                            <granite:data
                                jcr:primaryType="nt:unstructured"
                                thumbnail-validation="cfm.validation.thumbnail.show"/>
                        </_x0031_666267386100>
                        <_x0031_666267518078
                            jcr:primaryType="nt:unstructured"
                            sling:resourceType="granite/ui/components/coral/foundation/form/textfield"
                            fieldLabel="boldtext"
                            listOrder="21"
                            maxlength="255"
                            metaType="text-single"
                            name="boldtext"
                            renderReadOnly="false"
                            showEmptyInReadOnly="true"
                            valueType="string">
                            <granite:data jcr:primaryType="nt:unstructured"/>
                        </_x0031_666267518078>
                        <_x0031_666267621116
                            jcr:primaryType="nt:unstructured"
                            sling:resourceType="granite/ui/components/coral/foundation/form/textfield"
                            fieldLabel="plaintext"
                            listOrder="22"
                            maxlength="255"
                            metaType="text-single"
                            name="plaintext"
                            renderReadOnly="false"
                            showEmptyInReadOnly="true"
                            valueType="string">
                            <granite:data jcr:primaryType="nt:unstructured"/>
                        </_x0031_666267621116>
                    </items>
                </content>
            </cq:dialog>
        </model>
    </jcr:content>
</jcr:root>
